Selected Risk Factors,2006,2007,2008,2009,2010
Asthma: Ever been told by a doctor or other health professional that you had asthma?,13.4,12.9,14.3,13.9,12.4
"Alcohol: Binge drinkers (males having five plus, females having four plus drinks at one time).",13.8,12.6,13.8,12.6,14.6
Cardiovascular: Has a doctor ever told you that you had a heart attack (myocardial infarction)?,4.3,3.4,3.9,3.5,3.7
Cholesterol: Been told by a doctor-health professional that your blood cholesterol is high?,,36.9,,37.4,
Diabetes: Ever told by a doctor that you have diabetes? exclude: diabetes at pregnancy.,8.0,8.5,8.7,9.4,9.4
Health Care Access: Have any kind of health insurance coverage?,10.1,12.7,12.1,11.5,10.9
Physical Activity: Had no leisure-time physical activity.,23.0,23.0,24.0,23.8,23.4
Overweight & Obese: Based on Body Mass Index (BMI).,65.2,62.7,63.4,62.4,66.1
Fruits & Vegetables: Did not consume at least 5 servings per day.,71.4,73.4,72.8,72.4,72.9
